0;119;169;248;161;507;295;199;543;430;164;382;409;424;272;87;155;187;225;200;249;301;331;284;354;243;201;220;304;242;175;404;265;149;197;417;299;330;65;319;37;325;206;313;97;180;318;348;393;104;368;527;376;174;388;505;537;388;270;381;168;135;271;281;475;388;411;299;304;241;65;452;465;504;508;127;401;355;301;169;383;553;188;419;344;355;382;307;303;319;526;403;262;342;302;400;251;321;498;226;586;523;419;173;115;327;184;197;160;297;587;121;394;197;187;274;120;174;459;391;303;380;589;202;321;235;150;89;166;81;
119;0;139;130;274;390;365;137;467;323;282;309;313;317;230;191;112;109;198;86;157;192;224;229;374;327;170;274;259;215;132;403;172;132;80;410;189;235;105;207;114;206;223;195;213;74;207;374;280;39;249;442;259;74;272;433;464;274;242;262;285;203;308;389;401;391;310;326;410;304;92;339;372;414;419;246;359;307;228;59;321;491;179;412;342;457;308;406;286;313;412;303;149;319;236;298;323;332;402;175;538;407;365;203;184;216;228;136;279;298;547;174;392;154;230;211;146;57;442;273;245;267;547;305;318;180;205;175;270;57;
169;139;0;220;257;408;463;48;596;300;278;441;262;295;369;177;249;68;335;140;117;190;210;368;502;413;307;169;398;78;271;538;131;264;189;546;193;357;105;213;134;262;349;237;215;114;211;499;367;103;299;564;337;208;289;564;594;364;106;311;316;135;427;442;532;252;271;450;465;407;104;426;489;533;539;264;498;186;362;121;457;625;43;548;202;518;440;473;423;173;492;416;175;457;372;262;419;463;515;315;676;415;502;322;129;318;341;45;299;432;686;106;527;28;125;349;70;141;580;341;134;269;686;368;178;68;311;146;332;105;
248;130;220;0;404;273;449;188;386;241;412;243;257;236;225;320;163;155;221;79;152;127;156;208;413;424;200;383;243;276;170;418;158;195;50;416;120;147;232;127;244;83;281;85;343;105;129;418;152;159;125;349;129;90;166;359;387;148;296;138;411;323;370;503;327;455;243;375;524;387;218;212;272;316;323;375;329;327;179;102;270;426;263;418;405;566;243;513;298;376;284;197;84;318;197;232;412;367;296;179;488;294;319;277;307;98;307;189;406;328;506;292;405;218;337;185;258;84;435;143;265;173;504;418;383;221;296;303;386;183;
161;274;257;404;0;650;328;303;696;555;31;536;519;549;417;86;311;307;367;346;368;434;459;434;443;264;347;177;448;299;328;509;383;296;355;527;434;491;178;455;161;476;322;460;63;321;453;432;553;248;519;684;534;335;529;656;688;548;320;532;105;129;353;229;627;376;528;390;249;298;190;612;624;662;666;66;539;412;457;314;532;698;247;529;347;305;536;275;430;332;686;564;403;470;455;518;290;422;659;378;722;662;564;286;129;488;281;300;79;410;717;152;502;284;179;427;186;324;575;547;380;515;719;190;330;322;248;112;168;223;
507;390;408;273;650;0;720;360;475;136;664;410;203;139;464;564;435;346;478;307;290;218;198;438;662;698;462;572;470;416;439;647;278;467;321;638;217;324;472;195;493;190;548;195;594;329;197;670;209;405;149;419;188;363;120;472;487;214;419;137;675;541;635;776;448;549;177;633;797;658;461;212;351;384;392;633;523;382;392;338;449;544;439;640;509;840;410;787;538;487;208;302;246;545;414;178;684;616;345;433;624;29;493;549;531;257;579;362;667;577;654;510;634;388;530;417;473;333;640;162;349;139;650;691;495;362;569;538;657;430;
295;365;463;449;328;720;0;487;531;682;301;408;678;676;285;333;286;467;251;447;522;552;585;315;158;63;260;484;300;537;281;237;537;253;407;261;548;429;360;564;332;531;174;534;302;439;564;143;542;378;570;546;543;360;615;489;516;535;565;582;225;406;102;161;471;674;673;130;165;62;359;584;521;541;540;264;341;650;362;424;380;498;484;263;634;166;407;123;237;611;655;495;506;263;346;662;44;171;558;294;488;743;383;171;390;475;142;485;251;192;469;405;237;490;465;327;414;417;313;567;595;619;474;140;612;526;160;358;160;363;
199;137;48;188;303;360;487;0;571;252;323;421;217;247;362;221;249;33;334;109;69;142;162;358;511;440;306;215;390;88;269;541;82;269;166;546;145;332;140;166;168;220;358;193;258;87;164;510;329;111;255;537;297;195;241;542;571;326;111;266;356;183;442;479;510;269;225;461;501;428;135;387;460;504;511;305;487;169;346;99;440;606;83;549;218;554;421;507;423;189;451;385;132;454;358;215;443;470;484;308;661;367;488;336;176;286;358;2;340;436;674;153;529;32;171;337;117;119;577;299;109;221;673;402;195;42;330;191;366;123;
543;467;596;386;696;475;531;571;0;548;688;161;597;546;282;631;387;538;332;462;537;492;510;262;387;555;349;742;253;660;368;322;540;399;407;299;485;239;567;480;562;394;396;423;634;484;482;403;289;507;393;56;324;393;459;42;18;286;682;394;647;665;430;670;68;840;573;401;683;492;553;264;127;90;82;640;190;710;242;475;165;76;639;300;790;697;161;648;298;761;281;197;462;267;241;566;522;361;130;318;158;504;148;427;645;295;447;572;658;340;195;639;315;600;698;269;613;455;265;343;649;488;189;601;767;607;469;628;587;522;
430;323;300;241;555;136;682;252;548;0;573;447;67;5;463;470;399;248;462;236;186;130;99;443;654;648;440;454;477;292;409;655;171;430;275;652;134;349;382;117;408;174;519;157;505;251;117;659;260;325;158;497;226;323;90;536;557;262;291;155;597;436;609;710;508;413;40;616;732;619;373;291;421;461;469;550;551;246;405;264;482;609;324;653;375;780;447;729;537;354;317;355;176;554;425;43;641;608;425;420;683;129;531;511;429;275;540;255;585;569;709;406;642;276;415;419;370;267;664;205;218;68;706;627;362;243;523;442;592;348;
164;282;278;412;31;664;301;323;688;573;0;530;540;567;407;102;307;324;357;358;386;450;476;426;421;237;339;208;438;324;323;489;402;290;362;507;449;490;192;470;171;487;307;472;69;334;469;410;558;259;530;679;540;338;543;648;679;552;347;543;76;155;332;197;620;407;548;369;218;274;203;616;622;658;661;48;526;439;452;326;524;687;271;509;377;274;530;244;416;362;691;564;417;455;449;538;264;403;657;372;708;677;553;271;152;491;264;320;50;393;702;176;482;306;208;421;207;335;557;555;404;531;704;162;360;345;231;132;142;234;
382;309;441;243;536;410;408;421;161;447;530;0;483;443;130;470;226;387;179;314;395;364;387;105;291;419;191;582;108;509;208;250;401;240;255;237;356;100;406;356;401;275;251;301;474;333;358;303;201;348;289;149;226;234;356;124;156;195;532;295;493;504;306;531;93;690;463;284;545;359;393;212;113;135;136;483;114;571;81;322;40;184;484;238;639;567;0;516;173;610;269;112;326;158;81;454;390;252;150;158;245;439;84;278;484;171;301;421;502;219;264;478;239;448;538;109;454;302;231;251;508;380;262;456;616;459;318;467;437;362;
409;313;262;257;519;203;678;217;597;67;540;483;0;65;482;438;403;222;474;231;160;131;100;465;666;639;450;403;500;240;416;675;143;432;281;674;137;383;355;129;382;208;524;183;475;238;128;669;309;307;204;548;273;328;140;581;604;310;234;204;572;395;613;691;551;348;27;624;713;616;348;347;470;512;519;522;582;181;432;253;516;653;279;676;311;764;483;715;555;292;379;400;178;576;451;31;636;621;478;435;725;195;565;511;391;312;538;219;557;582;748;367;662;235;368;442;333;261;691;256;160;109;745;611;300;198;517;408;574;328;
424;317;295;236;549;139;676;247;546;5;567;443;65;0;458;465;394;243;457;231;180;125;93;438;649;643;435;449;473;287;404;651;165;425;270;647;128;345;377;112;402;170;514;152;500;245;112;654;257;320;155;496;223;318;88;533;554;260;286;153;591;430;604;704;505;410;38;611;726;614;368;290;418;459;467;544;548;243;401;259;479;606;319;649;371;775;444;724;532;350;317;352;170;549;421;39;636;603;424;415;680;133;527;506;423;272;535;250;579;564;706;401;638;271;410;415;364;261;660;203;214;64;703;622;358;238;517;436;586;343;
272;230;369;225;417;464;285;362;282;463;407;130;482;458;0;359;123;330;50;269;358;352;382;29;198;290;71;486;31;444;101;192;369;123;209;192;345;148;309;353;298;290;121;306;356;279;354;206;266;267;321;279;276;168;380;240;272;259;471;331;365;404;185;400;213;621;468;173;416;232;298;302;239;266;267;359;131;528;78;265;116;281;408;194;572;440;130;388;74;543;371;209;306;94;60;457;263;152;276;54;315;490;147;147;383;207;171;362;376;113;320;382;180;383;446;47;364;247;215;302;464;394;320;325;548;404;188;361;307;273;
87;191;177;320;86;564;333;221;631;470;102;470;438;465;359;0;243;222;311;260;284;348;374;372;420;273;288;152;390;230;263;478;299;235;272;493;348;416;91;369;77;391;282;374;40;235;368;412;471;163;433;615;450;256;443;592;625;465;254;446;144;72;333;274;563;341;445;366;296;290;104;530;551;591;595;89;487;346;389;228;471;640;175;495;304;352;470;312;384;283;604;487;317;424;390;435;290;392;584;314;672;576;506;246;60;407;250;218;124;373;671;80;469;205;132;361;107;239;537;462;306;429;672;211;283;244;215;31;179;138;
155;112;249;163;311;435;286;249;387;399;307;226;403;394;123;243;0;219;85;173;259;273;305;130;266;263;57;364;154;327;21;291;272;32;124;297;268;185;187;281;177;245;121;248;248;175;282;267;273;146;285;373;267;76;329;349;381;266;354;298;281;282;211;352;319;501;394;221;371;223;175;325;314;351;354;261;254;418;146;159;228;398;287;299;452;409;226;355;174;423;401;259;225;207;146;383;248;223;349;72;438;457;267;114;262;203;143;248;285;187;443;259;279;266;323;118;241;145;330;288;356;334;443;268;427;292;135;242;239;151;
187;109;68;155;307;346;467;33;538;248;324;387;222;243;330;222;219;0;304;76;62;128;152;325;483;423;276;237;357;121;238;511;78;241;132;516;129;298;134;150;160;194;332;169;256;54;148;483;300;89;232;504;270;162;226;508;538;297;145;243;350;195;417;469;476;302;225;435;491;407;126;359;427;472;478;301;454;199;312;66;407;572;109;518;252;542;387;494;392;222;424;353;108;422;324;215;423;441;452;276;628;356;454;311;184;254;334;34;337;407;640;163;499;62;192;304;126;86;545;273;136;209;639;389;229;74;308;194;353;107;
225;198;335;221;367;478;251;334;332;462;357;179;474;457;50;311;85;304;0;251;339;343;374;73;192;248;28;442;81;413;65;207;351;77;194;212;337;178;267;348;253;295;78;306;307;256;348;196;291;232;330;329;295;148;384;291;323;284;440;341;314;359;157;355;264;586;463;155;371;194;256;333;284;314;315;308;176;503;115;241;167;331;373;214;537;398;178;345;88;509;405;247;296;122;102;452;223;146;322;44;361;503;197;99;338;225;125;334;325;108;363;338;195;352;404;78;324;225;245;320;440;395;363;277;513;377;139;315;257;235;
200;86;140;79;346;307;447;109;462;236;358;314;231;231;269;260;173;76;251;0;88;106;138;260;440;412;225;306;294;197;189;457;100;201;61;460;102;222;168;120;186;132;293;114;288;27;120;441;228;98;173;427;200;102;187;433;462;224;219;186;369;251;383;475;401;378;225;395;497;385;155;287;351;395;401;326;388;261;241;31;335;498;183;462;327;544;313;493;336;298;356;277;62;363;256;214;406;395;375;217;556;322;384;280;237;178;307;110;360;358;571;219;445;139;260;237;184;30;485;207;197;180;570;392;305;145;287;238;357;123;
249;157;117;152;368;290;522;69;537;186;386;395;160;180;358;284;259;62;339;88;0;74;93;348;526;481;312;283;382;139;276;546;16;285;149;548;78;299;197;97;223;162;377;133;319;85;95;527;276;147;192;497;242;191;173;511;539;274;153;202;413;252;465;531;479;309;162;479;553;461;189;332;419;463;470;364;475;175;327;100;420;578;150;551;260;604;395;554;425;232;391;344;76;452;342;152;479;482;439;306;640;298;469;360;244;243;385;72;400;446;656;221;533;98;240;325;185;114;574;240;112;151;655;450;240;80;362;255;414;167;
301;192;190;127;434;218;552;142;492;130;450;364;131;125;352;348;273;128;343;106;74;0;32;336;535;518;319;357;371;210;285;544;65;303;150;544;7;264;258;23;281;101;394;70;381;121;21;538;216;196;122;449;180;198;99;471;497;215;221;131;469;323;484;579;440;372;121;493;602;490;247;268;369;413;420;423;456;221;306;133;394;541;224;546;325;650;364;599;424;298;322;295;47;446;324;110;511;489;385;304;608;228;443;384;313;198;411;145;458;451;628;292;531;172;314;312;254;136;563;174;166;81;626;497;306;152;393;322;461;220;
331;224;210;156;459;198;585;162;510;99;476;387;100;93;382;374;305;152;374;138;93;32;0;365;567;550;351;374;400;220;318;574;80;335;182;573;37;287;285;31;309;116;427;87;408;151;28;570;228;226;127;464;191;230;85;491;515;228;226;132;498;345;516;610;460;371;89;525;633;523;275;275;385;428;436;452;483;213;333;165;419;562;241;575;326;681;387;630;454;301;323;312;80;475;351;77;544;521;398;335;631;205;468;416;336;218;444;165;487;482;652;314;562;190;332;341;277;168;591;180;164;59;650;528;309;164;425;347;492;249;
284;229;368;208;434;438;315;358;262;443;426;105;465;438;29;372;130;325;73;260;348;336;365;0;225;319;86;493;35;442;109;212;358;137;198;209;329;119;316;335;307;269;149;286;372;272;337;233;238;268;297;255;250;162;358;221;253;231;468;306;387;413;215;428;193;621;450;202;443;261;304;272;211;240;241;378;129;520;48;259;99;268;409;211;571;469;105;416;99;542;342;180;291;111;30;439;292;179;249;58;309;465;137;173;392;181;198;357;397;141;317;389;200;380;452;23;369;240;227;276;456;374;317;351;547;399;213;372;331;277;
354;374;502;413;443;662;158;511;387;654;421;291;666;649;198;420;266;483;192;440;526;535;567;225;0;205;216;570;196;580;251;79;539;242;385;103;529;343;413;540;390;486;153;498;399;441;541;16;463;401;518;411;475;338;575;347;371;456;609;528;353;485;89;318;334;741;655;54;323;149;407;493;402;413;411;376;199;681;272;425;255;346;533;104;695;322;290;282;125;669;557;394;487;132;252;644;170;46;437;234;330;689;244;181;466;405;170;510;374;85;311;475;79;524;540;245;472;412;154;501;620;587;315;276;672;554;206;437;281;396;
243;327;413;424;264;698;63;440;555;648;237;419;639;643;290;273;263;423;248;412;481;518;550;319;205;0;250;423;311;484;263;283;497;231;379;305;514;426;308;531;279;507;170;507;240;401;531;191;531;334;548;563;529;334;588;512;541;524;512;561;162;346;128;117;491;615;637;164;128;62;309;578;530;555;555;201;368;599;363;386;396;530;430;307;576;150;418;97;256;554;652;495;472;289;349;626;35;206;567;287;528;719;406;154;331;462;124;438;187;216;513;347;280;440;405;327;359;381;357;551;546;589;516;76;554;478;128;300;97;317;
201;170;307;200;347;462;260;306;349;440;339;191;450;435;71;288;57;276;28;225;312;319;351;86;216;250;0;416;102;384;37;234;325;52;169;240;313;176;240;325;227;277;86;285;286;229;325;219;282;204;313;341;283;122;364;308;340;275;412;325;302;333;172;352;280;558;440;175;369;200;229;327;291;324;326;291;200;475;119;214;185;352;345;242;509;400;191;347;116;481;401;247;271;150;111;428;229;170;328;37;385;486;218;97;313;214;125;306;310;133;388;312;222;324;377;84;296;198;273;307;412;373;389;272;485;349;132;290;249;207;
220;274;169;383;177;572;484;215;742;454;208;582;403;449;486;152;364;237;442;306;283;357;374;493;570;423;416;0;518;163;385;624;294;365;345;637;361;510;177;381;189;432;427;407;183;279;379;563;534;235;469;717;506;349;456;706;738;530;173;480;277;85;484;405;675;199;419;516;425;442;189;594;645;688;693;225;617;259;500;281;590;761;133;640;171;482;581;450;523;160;661;574;345;562;505;412;442;540;674;436;802;577;631;393;105;481;400;212;251;518;805;104;615;184;45;479;128;299;680;511;245;433;806;356;157;211;364;133;326;219;
304;259;398;243;448;470;300;390;253;477;438;108;500;473;31;390;154;357;81;294;382;371;400;35;196;311;102;518;0;473;132;178;392;155;232;174;364;147;341;370;329;303;145;321;388;305;372;206;267;297;330;254;281;195;392;211;242;260;499;339;394;435;198;423;185;651;485;180;437;251;329;296;220;244;244;389;100;554;77;291;88;250;438;176;601;459;107;407;71;572;363;200;326;76;56;474;281;153;257;83;283;497;116;174;415;213;195;389;405;116;289;413;166;411;477;58;395;273;192;307;490;408;289;350;577;431;216;393;334;304;
242;215;78;276;299;416;537;88;660;292;324;509;240;287;444;230;327;121;413;197;139;210;220;442;580;484;384;163;473;0;348;616;145;342;254;624;215;420;176;233;205;301;427;272;270;175;231;577;413;181;331;625;380;280;305;630;660;411;28;341;374;169;505;503;598;180;256;528;525;482;178;470;548;592;599;320;572;116;433;186;527;694;55;626;130;581;509;538;501;101;530;473;213;534;444;250;493;541;571;390;748;418;574;400;172;373;419;87;354;510;759;149;605;61;130;422;126;207;657;379;83;279;759;434;107;58;387;198;399;184;
175;132;271;170;328;439;281;269;368;409;323;208;416;404;101;263;21;238;65;189;276;285;318;109;251;263;37;385;132;348;0;272;289;35;135;277;280;173;208;292;198;250;110;256;265;192;293;253;269;167;289;355;265;87;336;329;361;262;375;301;293;303;200;357;300;522;407;207;376;219;197;319;299;335;338;276;232;438;129;176;208;378;309;279;473;411;207;357;153;444;394;247;238;186;127;395;246;206;335;51;416;462;246;110;283;199;140;268;299;169;421;281;260;287;345;98;263;161;309;288;375;343;421;274;449;312;137;262;247;172;
404;403;538;418;509;647;237;541;322;655;489;250;675;651;192;478;291;511;207;457;546;544;574;212;79;283;234;624;178;616;272;0;558;273;398;24;538;322;458;546;438;482;197;498;460;464;547;94;440;435;509;352;458;355;571;283;304;434;644;518;424;539;159;397;276;785;661;121;402;224;450;462;355;359;356;442;143;710;255;448;211;273;573;25;737;401;250;361;120;710;520;361;498;102;233;650;248;86;388;241;252;675;187;231;519;391;228;540;444;107;232;525;12;557;591;235;517;432;75;484;647;586;236;351;713;583;264;491;353;434;
265;172;131;158;383;278;537;82;540;171;402;401;143;165;369;299;272;78;351;100;16;65;80;358;539;497;325;294;392;145;289;558;0;299;160;560;70;305;213;88;239;159;391;129;335;99;86;540;275;163;186;500;240;203;162;515;543;273;156;196;429;266;479;547;484;310;146;493;569;476;205;329;421;465;472;380;484;170;335;115;427;584;161;562;262;620;401;571;437;235;386;346;77;463;351;136;495;495;440;317;646;284;476;375;258;245;400;85;416;458;663;236;545;110;252;335;199;127;584;236;109;139;662;467;242;87;377;271;430;184;
149;132;264;195;296;467;253;269;399;430;290;240;432;425;123;235;32;241;77;201;285;303;335;137;242;231;52;365;155;342;35;273;299;0;155;282;298;209;190;312;176;277;92;280;235;200;313;242;303;161;318;389;298;107;361;359;391;296;370;330;258;281;181;322;330;512;424;194;341;191;180;354;334;369;372;243;252;439;163;184;236;404;299;284;464;378;239;324;161;436;429;283;255;197;159;413;216;200;370;81;438;489;271;82;261;233;111;268;264;167;440;261;262;284;327;130;247;172;319;320;378;366;441;238;440;312;103;238;211;161;
197;80;189;50;355;321;407;166;407;275;362;255;281;270;209;272;124;132;194;61;149;150;182;198;385;379;169;345;232;254;135;398;160;155;0;400;144;168;185;157;195;131;245;128;293;78;158;388;199;113;175;375;178;48;209;376;406;193;277;188;360;279;334;454;344;435;271;343;475;345;171;258;301;345;351;324;326;322;180;68;275;439;232;402;384;519;254;466;278;355;331;230;102;303;194;260;368;340;329;157;496;341;323;236;262;137;265;166;356;302;510;249;386;193;299;176;217;47;424;193;259;211;509;369;361;205;251;255;336;136;
417;410;546;416;527;638;261;546;299;652;507;237;674;647;192;493;297;516;212;460;548;544;573;209;103;305;240;637;174;624;277;24;560;282;400;0;537;313;469;544;450;477;210;495;477;467;545;118;430;443;503;331;450;357;566;261;282;424;651;511;444;552;180;420;256;794;659;142;426;246;460;449;338;340;337;461;126;715;248;452;197;249;582;2;746;425;236;385;123;718;505;348;498;98;227;648;270;104;370;242;227;666;169;246;532;384;245;546;463;119;208;537;25;564;603;232;528;435;52;476;652;583;212;373;722;589;280;505;373;443;
299;189;193;120;434;217;548;145;485;134;449;356;137;128;345;348;268;129;337;102;78;7;37;329;529;514;313;361;364;215;280;538;70;298;144;537;0;256;257;21;280;93;389;62;380;119;19;532;209;194;116;441;173;192;96;463;489;208;226;125;467;325;479;577;432;378;126;488;599;486;247;261;361;406;413;422;449;229;298;131;386;534;228;539;331;647;356;595;417;304;316;287;42;439;317;115;507;483;377;297;601;227;436;379;314;190;407;148;457;445;621;293;525;176;317;305;256;132;555;167;173;81;619;494;312;157;389;322;459;219;
330;235;357;147;491;324;429;332;239;349;490;100;383;345;148;416;185;298;178;222;299;264;287;119;343;426;176;510;147;420;173;322;305;209;168;313;256;0;340;256;341;176;257;201;427;245;258;352;119;274;193;207;136;162;259;211;239;113;442;200;466;438;332;528;179;601;364;322;545;372;326;154;136;178;183;445;203;475;70;236;133;279;401;315;550;576;100;523;217;521;226;74;228;221;91;354;402;298;168;139;344;352;182;273;419;73;301;333;470;260;365;409;309;361;465;103;381;216;318;162;412;281;362;446;528;368;307;407;421;292;
65;105;105;232;178;472;360;140;567;382;192;406;355;377;309;91;187;134;267;168;197;258;285;316;413;308;240;177;341;176;208;458;213;190;185;469;257;340;0;278;29;299;262;282;123;143;277;408;384;72;342;544;361;178;351;530;562;379;204;354;216;98;333;339;499;328;360;359;361;306;13;443;476;518;522;167;440;290;324;137;413;584;123;471;282;414;405;368;351;256;516;409;225;388;329;349;316;377;507;258;625;485;453;231;79;322;246;137;202;350;629;72;448;133;136;302;59;149;508;372;239;338;630;263;259;172;213;70;227;49;
319;207;213;127;455;195;564;166;480;117;470;356;129;112;353;369;281;150;348;120;97;23;31;335;540;531;325;381;370;233;292;546;88;312;157;544;21;256;278;0;300;86;402;56;401;138;2;544;199;214;102;435;163;205;75;460;485;199;243;109;487;346;492;596;429;393;115;500;618;501;267;249;355;399;406;443;452;239;302;150;388;531;248;546;346;665;356;614;426;320;301;282;58;446;321;104;523;494;369;307;600;206;437;394;335;187;422;168;477;455;621;314;533;196;338;312;277;150;561;154;186;60;619;513;328;175;405;343;477;239;
37;114;134;244;161;493;332;168;562;408;171;401;382;402;298;77;177;160;253;186;223;281;309;307;390;279;227;189;329;205;198;438;239;176;195;450;280;341;29;300;0;316;241;300;101;163;299;384;394;88;359;543;373;180;372;525;557;388;233;371;190;105;308;310;494;351;386;336;333;279;34;453;477;518;522;142;428;319;319;154;405;576;151;452;307;385;401;339;334;282;526;412;246;372;322;376;287;356;509;249;613;506;444;209;85;330;221;166;177;331;616;86;428;162;153;294;83;164;491;386;269;361;617;234;284;201;187;65;198;63;
325;206;262;83;476;190;531;220;394;174;487;275;208;170;290;391;245;194;295;132;162;101;116;269;486;507;277;432;303;301;250;482;159;277;131;477;93;176;299;86;316;0;361;31;417;159;88;491;115;228;43;348;80;173;89;375;399;114;315;56;490;383;449;586;344;470;188;451;607;469;286;169;269;313;320;452;377;323;230;162;309;446;303;479;422;649;275;596;365;394;230;196;88;380;250;178;494;439;284;252;517;212;358;359;369;104;389;222;485;400;539;351;469;252;387;246;315;152;489;79;266;106;537;501;402;242;379;370;468;253;
206;223;349;281;322;548;174;358;396;519;307;251;524;514;121;282;121;332;78;293;377;394;427;149;153;170;86;427;145;427;110;197;391;92;245;210;389;257;262;402;241;361;0;367;268;292;403;151;367;248;398;399;369;196;447;354;384;360;455;410;254;341;89;279;330;590;516;102;294;115;255;411;360;387;388;259;220;528;193;276;233;384;380;213;543;320;251;267;108;516;483;325;346;147;179;504;145;115;398;119;400;571;252;36;321;300;50;357;269;91;394;327;187;370;393;157;321;264;255;393;468;454;397;205;520;401;76;294;190;243;
313;195;237;85;460;195;534;193;423;157;472;301;183;152;306;374;248;169;306;114;133;70;87;286;498;507;285;407;321;272;256;498;129;280;128;495;62;201;282;56;300;31;367;0;402;139;58;502;146;212;62;379;111;173;81;403;428;145;285;73;480;361;456;581;373;440;165;460;602;471;270;200;299;343;350;439;399;292;250;146;333;475;276;497;392;646;301;594;380;364;258;226;61;397;270;155;496;451;315;263;544;213;382;362;348;131;392;195;473;412;566;329;485;225;362;263;293;138;510;107;235;88;563;496;372;213;379;351;462;237;
97;213;215;343;63;594;302;258;634;505;69;474;475;500;356;40;248;256;307;288;319;381;408;372;399;240;286;183;388;270;265;460;335;235;293;477;380;427;123;401;101;417;268;402;0;264;400;390;491;190;460;621;472;272;474;594;626;485;294;473;104;109;310;234;565;377;481;345;256;262;133;549;561;599;602;49;481;386;394;256;471;638;215;479;341;312;473;273;374;321;624;500;347;414;393;471;260;374;595;316;665;608;504;232;99;425;232;255;84;359;662;120;452;244;168;364;146;265;523;486;346;462;664;174;321;283;196;71;143;164;
180;74;114;105;321;329;439;87;484;251;334;333;238;245;279;235;175;54;256;27;85;121;151;272;441;401;229;279;305;175;192;464;99;200;78;467;119;245;143;138;163;159;292;139;264;0;138;442;255;76;200;451;227;110;209;454;484;251;199;212;348;224;380;458;422;356;236;395;481;378;131;315;375;420;426;304;402;248;258;15;353;518;157;470;306;529;333;479;344;277;383;302;83;373;271;225;397;398;401;226;574;343;400;275;210;204;301;88;339;362;587;192;451;115;233;251;156;32;495;235;184;199;586;376;283;127;279;212;340;100;
318;207;211;129;453;197;564;164;482;117;469;358;128;112;354;368;282;148;348;120;95;21;28;337;541;531;325;379;372;231;293;547;86;313;158;545;19;258;277;2;299;88;403;58;400;138;0;544;202;213;104;437;165;206;77;462;487;202;240;112;486;344;493;595;432;390;114;500;617;501;266;252;358;401;409;441;454;236;304;149;390;533;245;547;344;665;358;613;427;317;303;284;58;447;323;103;523;495;372;308;602;208;439;394;333;189;422;166;476;456;623;312;534;194;335;313;275;150;563;157;183;61;621;512;325;173;405;342;477;238;
348;374;499;418;432;670;143;510;403;659;410;303;669;654;206;412;267;483;196;441;527;538;570;233;16;191;219;563;206;577;253;94;540;242;388;118;532;352;408;544;384;491;151;502;390;442;544;0;472;399;525;426;483;340;580;362;386;465;606;535;340;479;79;303;349;736;659;49;308;137;402;503;415;427;425;365;214;679;282;426;268;362;529;120;691;306;302;266;135;665;569;406;490;145;261;648;156;53;450;239;346;696;258;177;460;413;163;509;362;92;326;469;95;521;534;253;467;413;170;508;619;591;331;263;667;552;199;430;269;393;
393;280;367;152;553;209;542;329;289;260;558;201;309;257;266;471;273;300;291;228;276;216;228;238;463;531;282;534;267;413;269;440;275;303;199;430;209;119;384;199;394;115;367;146;491;255;202;472;0;311;104;239;36;221;170;276;297;7;429;104;548;476;448;626;249;585;284;439;645;482;370;60;161;203;210;518;314;438;190;254;240;349;409;432;537;680;201;627;337;509;132;96;200;340;211;277;511;418;170;247;425;238;284;377;459;69;407;331;547;379;453;444;428;361;488;220;410;237;431;54;382;199;449;542;516;355;407;455;513;335;
104;39;103;159;248;405;378;111;507;325;259;348;307;320;267;163;146;89;232;98;147;196;226;268;401;334;204;235;297;181;167;435;163;161;113;443;194;274;72;214;88;228;248;212;190;76;213;399;311;0;271;481;288;114;285;473;504;306;209;283;272;166;330;385;441;354;307;351;407;318;59;371;410;453;458;228;397;280;267;66;360;530;141;445;305;457;348;407;320;276;443;341;158;354;275;297;334;361;440;213;577;419;404;225;148;251;246;109;263;329;585;136;424;122;190;250;106;76;477;300;220;275;585;303;281;152;219;143;267;25;
368;249;299;125;519;149;570;255;393;158;530;289;204;155;321;433;285;232;330;173;192;122;127;297;518;548;313;469;330;331;289;509;186;318;175;503;116;193;342;102;359;43;398;62;460;200;104;525;104;271;0;344;68;215;67;378;400;106;343;13;534;423;486;629;349;494;180;486;650;508;329;148;265;307;315;496;397;340;254;205;326;451;338;505;448;692;289;638;395;421;199;197;124;407;276;172;534;472;275;286;525;172;373;399;410;120;429;257;528;432;550;391;496;287;424;275;354;195;511;53;288;94;547;544;429;272;420;412;511;296;
527;442;564;349;684;419;546;537;56;497;679;149;548;496;279;615;373;504;329;427;497;449;464;255;411;563;341;717;254;625;355;352;500;389;375;331;441;207;544;435;543;348;399;379;621;451;437;426;239;481;344;0;275;367;409;73;71;238;645;344;643;643;444;677;76;804;524;417;691;502;531;210;79;36;28;632;212;669;226;443;167;131;608;332;754;709;150;659;309;725;224;154;422;284;230;517;533;380;74;307;213;449;167;427;624;254;449;538;652;354;250;615;344;566;672;258;588;423;303;292;609;439;244;604;732;570;468;609;586;498;
376;259;337;129;534;188;543;297;324;226;540;226;273;223;276;450;267;270;295;200;242;180;191;250;475;529;283;506;281;380;265;458;240;298;178;450;173;136;361;163;373;80;369;111;472;227;165;483;36;288;68;275;0;207;135;310;331;37;395;70;535;450;453;619;281;550;249;448;638;483;347;90;196;239;246;502;337;402;203;228;264;382;379;451;502;676;227;623;349;474;156;128;167;356;225;241;511;429;207;251;457;216;311;375;435;70;405;299;532;390;483;419;445;329;460;229;384;212;453;26;346;163;480;534;482;322;402;432;503;312;
174;74;208;90;335;363;360;195;393;323;338;234;328;318;168;256;76;162;148;102;191;198;230;162;338;334;122;349;195;280;87;355;203;107;48;357;192;162;178;205;180;173;196;173;272;110;206;340;221;114;215;367;207;0;254;358;390;214;305;227;328;276;286;414;327;459;319;295;435;298;164;278;298;340;345;297;292;359;154;96;248;418;250;359;409;476;234;423;234;380;353;231;150;262;164;308;322;293;329;115;468;384;294;189;257;153;218;195;326;256;479;248;342;218;305;142;221;78;384;225;295;258;479;329;385;236;206;245;298;130;
388;272;289;166;529;120;615;241;459;90;543;356;140;88;380;443;329;226;384;187;173;99;85;358;575;588;364;456;392;305;336;571;162;361;209;566;96;259;351;75;372;89;447;81;474;209;77;580;170;285;67;409;135;254;0;445;467;172;312;65;556;421;536;660;417;455;115;539;682;553;340;206;331;372;380;513;462;293;317;218;392;518;323;568;411;727;357;674;454;386;244;264;126;469;338;108;577;528;338;341;592;134;440;443;411;186;473;244;547;489;618;390;558;271;413;335;353;214;576;116;248;32;615;576;394;248;460;417;541;310;
505;433;564;359;656;472;489;542;42;536;648;124;581;533;240;592;349;508;291;433;511;471;491;221;347;512;308;706;211;630;329;283;515;359;376;261;463;211;530;460;525;375;354;403;594;454;462;362;276;473;378;73;310;358;445;0;32;273;653;380;605;628;388;628;32;811;558;358;640;449;517;260;120;96;89;599;148;685;206;444;123;73;607;262;760;654;124;606;255;731;288;181;438;225;203;550;480;319;135;278;151;502;106;385;608;273;404;542;616;297;184;603;275;569;663;231;578;424;231;331;624;473;179;559;737;578;427;590;544;487;
537;464;594;387;688;487;516;571;18;557;679;156;604;554;272;625;381;538;323;462;539;497;515;253;371;541;340;738;242;660;361;304;543;391;406;282;489;239;562;485;557;399;384;428;626;484;487;386;297;504;400;71;331;390;467;32;0;294;682;401;636;660;416;657;62;840;581;385;669;478;549;275;137;103;95;631;174;713;237;474;155;60;637;282;790;682;156;634;284;761;295;203;465;252;235;573;508;345;143;310;142;516;134;416;640;299;435;572;648;325;178;634;297;599;694;263;610;454;247;351;651;495;173;589;767;608;458;622;575;518;
388;274;364;148;548;214;535;326;286;262;552;195;310;260;259;465;266;297;284;224;274;215;228;231;456;524;275;530;260;411;262;434;273;296;193;424;208;113;379;199;388;114;360;145;485;251;202;465;7;306;106;238;37;214;172;273;294;0;427;107;542;471;441;619;245;583;286;433;638;475;365;64;159;201;209;512;308;437;183;249;235;346;406;426;535;673;196;620;330;507;138;92;198;333;204;279;504;411;170;240;421;243;279;370;455;63;400;328;541;372;449;440;422;358;484;213;406;233;425;58;380;201;445;535;514;353;400;449;506;330;
270;242;106;296;320;419;565;111;682;291;347;532;234;286;471;254;354;145;440;219;153;221;226;468;609;512;412;173;499;28;375;644;156;370;277;651;226;442;204;243;233;315;455;285;294;199;240;606;429;209;343;645;395;305;312;653;682;427;0;352;399;191;533;528;621;158;253;557;551;511;206;485;568;612;619;344;598;92;457;211;552;717;82;654;108;606;532;564;528;79;543;493;229;561;469;247;521;569;590;417;773;418;599;429;196;392;447;111;378;538;785;174;633;88;146;448;153;231;685;393;73;284;784;461;87;75;415;223;426;212;
381;262;311;138;532;137;582;266;394;155;543;295;204;153;331;446;298;243;341;186;202;131;132;306;528;561;325;480;339;341;301;518;196;330;188;511;125;200;354;109;371;56;410;73;473;212;112;535;104;283;13;344;70;227;65;380;401;107;352;0;547;435;497;642;352;502;180;496;663;520;342;144;266;307;315;509;403;346;263;217;332;453;349;513;456;704;295;651;405;429;191;199;135;416;284;173;546;482;273;297;528;161;379;411;422;127;441;268;541;442;554;403;505;297;436;284;367;208;519;51;295;95;551;557;437;282;432;424;524;309;
168;285;316;411;105;675;225;356;647;597;76;493;572;591;365;144;281;350;314;369;413;469;498;387;353;162;302;277;394;374;293;424;429;258;360;444;467;466;216;487;190;490;254;480;104;348;486;340;548;272;534;643;535;328;556;605;636;542;399;547;0;212;265;130;579;475;576;303;152;204;224;604;592;626;628;54;475;491;420;338;482;638;319;446;442;208;492;172;362;424;679;540;431;401;413;566;190;339;628;337;653;691;506;220;203;479;206;353;26;334;644;225;418;345;269;386;249;342;494;552;449;548;646;86;423;385;179;175;71;248;
135;203;135;323;129;541;406;183;665;436;155;504;395;430;404;72;282;195;359;251;252;323;345;413;485;346;333;85;435;169;303;539;266;281;279;552;325;438;98;346;105;383;341;361;109;224;344;479;476;166;423;643;450;276;421;628;660;471;191;435;212;0;400;343;598;269;406;431;364;360;112;536;575;616;621;158;534;283;422;222;510;681;118;554;231;421;504;383;439;212;606;506;301;477;426;397;362;455;605;354;719;550;549;307;20;417;315;181;189;432;722;31;529;160;59;399;68;238;595;459;251;403;723;284;211;196;279;48;251;146;
271;308;427;370;353;635;102;442;430;609;332;306;613;604;185;333;211;417;157;383;465;484;516;215;89;128;172;484;198;505;200;159;479;181;334;180;479;332;333;492;308;449;89;456;310;380;493;79;448;330;486;444;453;286;536;388;416;441;533;497;265;400;0;245;369;660;605;38;254;66;328;487;419;439;438;287;241;610;263;364;278;402;455;182;615;266;305;218;134;589;557;395;436;163;246;594;93;78;456;202;400;659;282;105;381;383;86;440;285;90;386;391;155;451;456;229;391;353;232;477;551;544;389;192;592;483;121;351;194;322;
281;389;442;503;229;776;161;479;670;710;197;531;691;704;400;274;352;469;355;475;531;579;610;428;318;117;352;405;423;503;357;397;547;322;454;420;577;528;339;596;310;586;279;581;234;458;595;303;626;385;629;677;619;414;660;628;657;619;528;642;130;343;245;0;606;604;692;281;22;179;344;676;639;667;667;185;484;620;469;446;510;647;448;421;572;77;530;52;372;554;751;600;538;406;457;682;151;322;677;389;645;794;522;256;334;556;230;476;154;333;628;355;395;471;400;433;377;446;472;639;576;656;632;84;553;510;220;305;118;363;
475;401;532;327;627;448;471;510;68;508;620;93;551;505;213;563;319;476;264;401;479;440;460;193;334;491;280;675;185;598;300;276;484;330;344;256;432;179;499;429;494;344;330;373;565;422;432;349;249;441;349;76;281;327;417;32;62;245;621;352;579;598;369;606;0;779;529;342;619;429;486;237;99;86;81;572;135;654;175;412;97;101;575;256;728;635;93;586;235;699;272;152;406;208;173;521;460;304;121;249;176;478;90;360;578;242;380;510;589;279;205;572;267;537;631;201;547;392;231;303;592;444;201;535;705;546;401;560;520;455;
388;391;252;455;376;549;674;269;840;413;407;690;348;410;621;341;501;302;586;378;309;372;371;621;741;615;558;199;651;180;522;785;310;512;435;794;378;601;328;393;351;470;590;440;377;356;390;736;585;354;494;804;550;459;455;811;840;583;158;502;475;269;660;604;779;0;373;688;625;626;335;640;726;771;777;423;750;167;613;367;708;875;213;797;50;681;689;648;673;79;694;651;386;708;624;370;631;705;748;567;928;543;754;560;284;551;573;268;450;677;938;270;774;242;209;601;269;387;831;546;207;424;938;552;73;233;539;315;520;351;
411;310;271;243;528;177;673;225;573;40;548;463;27;38;468;445;394;225;463;225;162;121;89;450;655;637;440;419;485;256;407;661;146;424;271;659;126;364;360;115;386;188;516;165;481;236;114;659;284;307;180;524;249;319;115;558;581;286;253;180;576;406;605;692;529;373;0;614;715;611;351;321;446;487;495;527;564;205;415;250;497;631;292;661;335;764;463;714;542;314;352;377;169;561;435;11;632;609;453;422;703;170;546;505;401;291;533;227;562;571;727;377;648;246;382;426;342;256;675;231;180;85;724;611;323;211;513;416;575;329;
299;326;450;375;390;633;130;461;401;616;369;284;624;611;173;366;221;435;155;395;479;493;525;202;54;164;175;516;180;528;207;121;493;194;343;142;488;322;359;500;336;451;102;460;345;395;500;49;439;351;486;417;448;295;539;358;385;433;557;496;303;431;38;281;342;688;614;0;289;104;353;475;397;415;413;323;210;631;251;379;253;368;480;144;642;297;284;251;111;616;543;380;445;134;232;603;129;41;434;199;363;658;252;128;412;378;115;460;323;64;348;421;117;472;486;219;418;366;194;473;571;549;352;230;618;503;151;382;232;344;
304;410;465;524;249;797;165;501;683;732;218;545;713;726;416;296;371;491;371;497;553;602;633;443;323;128;369;425;437;525;376;402;569;341;475;426;599;545;361;618;333;607;294;602;256;481;617;308;645;407;650;691;638;435;682;640;669;638;551;663;152;364;254;22;619;625;715;289;0;190;366;695;655;681;682;207;495;642;486;468;524;657;470;427;593;56;545;45;384;576;770;617;559;417;473;704;161;330;692;406;652;815;534;273;356;575;246;499;175;343;634;377;401;493;421;449;400;468;478;659;598;678;638;105;575;533;238;327;140;385;
241;304;407;387;298;658;62;428;492;619;274;359;616;614;232;290;223;407;194;385;461;490;523;261;149;62;200;442;251;482;219;224;476;191;345;246;486;372;306;501;279;469;115;471;262;378;501;137;482;318;508;502;483;298;553;449;478;475;511;520;204;360;66;179;429;626;611;104;190;0;304;526;471;494;494;232;305;593;307;362;335;467;430;248;584;208;359;157;194;560;599;440;443;226;292;600;30;144;508;235;467;681;344;109;343;415;79;427;226;153;452;356;221;433;418;271;362;355;298;506;537;556;456;126;562;468;99;312;133;305;
65;92;104;218;190;461;359;135;553;373;203;393;348;368;298;104;175;126;256;155;189;247;275;304;407;309;229;189;329;178;197;450;205;180;171;460;247;326;13;267;34;286;255;270;133;131;266;402;370;59;329;531;347;164;340;517;549;365;206;342;224;112;328;344;486;335;351;353;366;304;0;430;462;504;509;176;429;290;311;124;400;571;127;462;288;419;392;372;341;262;502;395;214;378;316;341;315;370;493;247;613;474;441;225;93;308;241;132;211;342;618;85;439;131;148;289;67;135;499;359;237;328;618;267;265;169;209;84;231;35;
452;339;426;212;612;212;584;387;264;291;616;212;347;290;302;530;325;359;333;287;332;268;275;272;493;578;327;594;296;470;319;462;329;354;258;449;261;154;443;249;453;169;411;200;549;315;252;503;60;371;148;210;90;278;206;260;275;64;485;144;604;536;487;676;237;640;321;475;695;526;430;0;139;173;182;575;326;488;223;314;253;332;468;450;592;728;213;674;368;564;75;100;257;364;242;315;556;449;136;291;412;241;291;424;519;125;453;389;604;412;443;504;450;419;548;257;470;297;442;95;434;238;439;593;572;412;456;514;565;394;
465;372;489;272;624;351;521;460;127;421;622;113;470;418;239;551;314;427;284;351;419;369;385;211;402;530;291;645;220;548;299;355;421;334;301;338;361;136;476;355;477;269;360;299;561;375;358;415;161;410;265;79;196;298;331;120;137;159;568;266;592;575;419;639;99;726;446;397;655;471;462;139;0;44;51;576;212;589;172;368;146;192;533;339;676;679;113;627;286;647;173;75;343;269;182;438;502;364;37;255;272;381;170;384;556;175;409;461;598;332;304;546;344;490;600;208;517;349;321;215;530;360;300;562;654;493;423;543;541;429;
504;414;533;316;662;384;541;504;90;461;658;135;512;459;266;591;351;472;314;395;463;413;428;240;413;555;324;688;244;592;335;359;465;369;345;340;406;178;518;399;518;313;387;343;599;420;401;427;203;453;307;36;239;340;372;96;103;201;612;307;626;616;439;667;86;771;487;415;681;494;504;173;44;0;8;612;216;634;206;412;161;162;577;341;721;702;136;651;304;692;193;119;387;283;213;480;525;379;40;288;244;414;172;413;597;220;437;505;633;350;279;588;350;534;643;240;559;392;317;256;574;402;274;591;699;537;453;583;572;471;
508;419;539;323;666;392;540;511;82;469;661;136;519;467;267;595;354;478;315;401;470;420;436;241;411;555;326;693;244;599;338;356;472;372;351;337;413;183;522;406;522;320;388;350;602;426;409;425;210;458;315;28;246;345;380;89;95;209;619;315;628;621;438;667;81;777;495;413;682;494;509;182;51;8;0;615;213;641;209;418;160;155;583;337;728;702;137;651;303;699;200;126;394;281;215;488;525;377;48;291;236;422;169;415;602;227;438;512;636;349;271;593;347;541;648;242;565;398;312;264;581;410;266;592;705;544;455;588;573;475;
127;246;264;375;66;633;264;305;640;550;48;483;522;544;359;89;261;301;308;326;364;423;452;378;376;201;291;225;389;320;276;442;380;243;324;461;422;445;167;443;142;452;259;439;49;304;441;365;518;228;496;632;502;297;513;599;631;512;344;509;54;158;287;185;572;423;527;323;207;232;176;575;576;612;615;0;478;436;406;295;476;638;265;463;388;263;482;225;367;370;651;519;387;407;401;517;225;356;611;324;659;648;504;223;149;450;216;302;35;345;653;170;436;292;215;373;196;301;509;518;395;503;656;130;369;332;183;121;104;203;
401;359;498;329;539;523;341;487;190;551;526;114;582;548;131;487;254;454;176;388;475;456;483;129;199;368;200;617;100;572;232;143;484;252;326;126;449;203;440;452;428;377;220;399;481;402;454;214;314;397;397;212;337;292;462;148;174;308;598;403;475;534;241;484;135;750;564;210;495;305;429;326;212;216;213;478;0;649;150;388;74;163;538;127;700;507;114;460;114;671;380;226;414;78;133;554;334;171;244;183;185;552;44;255;514;276;269;487;490;151;188;513;133;510;577;150;495;369;117;363;585;483;189;420;676;529;297;491;410;404;
355;307;186;327;412;382;650;169;710;246;439;571;181;243;528;346;418;199;503;261;175;221;213;520;681;599;475;259;554;116;438;710;170;439;322;715;229;475;290;239;319;323;528;292;386;248;236;679;438;280;340;669;402;359;293;685;713;437;92;346;491;283;610;620;654;167;205;631;642;593;290;488;589;634;641;436;649;0;502;263;595;754;172;717;131;697;571;655;591;116;536;515;247;621;517;203;605;639;606;474;815;376;644;504;288;415;525;170;470;606;831;266;698;160;237;498;243;281;744;393;63;262;830;551;124;127;496;315;515;289;
301;228;362;179;457;392;362;346;242;405;452;81;432;401;78;389;146;312;115;241;327;306;333;48;272;363;119;500;77;433;129;255;335;163;180;248;298;70;324;302;319;230;193;250;394;258;304;282;190;267;254;226;203;154;317;206;237;183;457;263;420;422;263;469;175;613;415;251;486;307;311;223;172;206;209;406;150;502;0;246;94;263;405;250;563;513;81;460;147;533;293;132;263;152;21;405;338;228;209;82;315;420;142;213;402;135;240;346;427;189;329;397;242;371;457;36;373;226;259;230;438;336;328;390;539;385;251;385;368;281;
169;59;121;102;314;338;424;99;475;264;326;322;253;259;265;228;159;66;241;31;100;133;165;259;425;386;214;281;291;186;176;448;115;184;68;452;131;236;137;150;154;162;276;146;256;15;149;426;254;66;205;443;228;96;218;444;474;249;211;217;338;222;364;446;412;367;250;379;468;362;124;314;368;412;418;295;388;263;246;0;341;507;164;454;317;516;322;465;328;287;384;296;93;358;258;239;382;382;395;211;562;353;388;260;207;199;285;99;329;346;574;191;436;125;235;237;156;20;481;237;199;210;573;363;293;140;263;207;327;91;
383;321;457;270;532;449;380;440;165;482;524;40;516;479;116;471;228;407;167;335;420;394;419;99;255;396;185;590;88;527;208;211;427;236;275;197;386;133;413;388;405;309;233;333;471;353;390;268;240;360;326;167;264;248;392;123;155;235;552;332;482;510;278;510;97;708;497;253;524;335;400;253;146;161;160;476;74;595;94;341;0;171;499;198;657;542;39;492;143;628;308;152;354;123;84;487;366;218;182;156;220;478;49;263;490;206;283;441;493;189;236;486;200;466;548;111;464;321;191;290;532;415;234;438;634;480;304;470;422;371;
553;491;625;426;698;544;498;606;76;609;687;184;653;606;281;640;398;572;331;498;578;541;562;268;346;530;352;761;250;694;378;273;584;404;439;249;534;279;584;531;576;446;384;475;638;518;533;362;349;530;451;131;382;418;518;73;60;346;717;453;638;681;402;647;101;875;631;368;657;467;571;332;192;162;155;638;163;754;263;507;171;0;668;249;824;665;185;620;277;795;355;254;507;241;255;623;496;327;202;326;82;574;134;418;661;344;433;606;652;314;118;657;269;633;719;282;635;487;207;404;691;545;113;584;801;644;459;640;574;542;
188;179;43;263;247;439;484;83;639;324;271;484;279;319;408;175;287;109;373;183;150;224;241;409;533;430;345;133;438;55;309;573;161;299;232;582;228;401;123;248;151;303;380;276;215;157;245;529;409;141;338;608;379;250;323;607;637;406;82;349;319;118;455;448;575;213;292;480;470;430;127;468;533;577;583;265;538;172;405;164;499;668;0;584;164;525;483;483;460;136;533;460;215;495;414;284;439;495;559;354;717;445;544;352;118;362;368;80;299;466;726;95;562;51;91;390;71;184;618;382;133;300;726;379;140;81;336;143;344;138;
419;412;548;418;529;640;263;549;300;653;509;238;676;649;194;495;299;518;214;462;551;546;575;211;104;307;242;640;176;626;279;25;562;284;402;2;539;315;471;546;452;479;213;497;479;470;547;120;432;445;505;332;451;359;568;262;282;426;654;513;446;554;182;421;256;797;661;144;427;248;462;450;339;341;337;463;127;717;250;454;198;249;584;0;749;426;237;386;126;721;506;350;500;100;229;650;272;106;371;245;226;668;169;248;534;385;247;548;465;121;206;539;27;566;605;234;530;438;50;477;654;585;211;374;725;591;282;507;375;445;
344;342;202;405;347;509;634;218;790;375;377;639;311;371;572;304;452;252;537;327;260;325;326;571;695;576;509;171;601;130;473;737;262;464;384;746;331;550;282;346;307;422;543;392;341;306;344;691;537;305;448;754;502;409;411;760;790;535;108;456;442;231;615;572;728;50;335;642;593;584;288;592;676;721;728;388;700;131;563;317;657;824;164;749;0;650;639;614;625;29;647;602;337;659;574;331;590;659;698;517;878;505;704;514;244;501;528;218;418;630;888;228;726;191;172;551;224;337;782;499;162;381;888;515;24;183;495;276;483;303;
355;457;518;566;305;840;166;554;697;780;274;567;764;775;440;352;409;542;398;544;604;650;681;469;322;150;400;482;459;581;411;401;620;378;519;425;647;576;414;665;385;649;320;646;312;529;665;306;680;457;692;709;676;476;727;654;682;673;606;704;208;421;266;77;635;681;764;297;56;208;419;728;679;702;702;263;507;697;513;516;542;665;525;426;650;0;567;53;400;632;802;646;606;429;499;754;177;338;716;437;653;860;548;303;411;611;275;551;231;356;632;432;402;547;478;477;455;514;476;698;653;724;637;153;631;586;274;383;189;436;
382;308;440;243;536;410;407;421;161;447;530;0;483;444;130;470;226;387;178;313;395;364;387;105;290;418;191;581;107;509;207;250;401;239;254;236;356;100;405;356;401;275;251;301;473;333;358;302;201;348;289;150;227;234;357;124;156;196;532;295;492;504;305;530;93;689;463;284;545;359;392;213;113;136;137;482;114;571;81;322;39;185;483;237;639;567;0;515;172;610;270;112;326;158;80;454;389;251;150;158;245;439;84;277;484;172;301;421;501;219;264;478;238;448;538;109;454;302;230;252;508;380;262;455;616;459;318;466;436;362;
307;406;473;513;275;787;123;507;648;729;244;516;715;724;388;312;355;494;345;493;554;599;630;416;282;97;347;450;407;538;357;361;571;324;466;385;595;523;368;614;339;596;267;594;273;479;613;266;627;407;638;659;623;423;674;606;634;620;564;651;172;383;218;52;586;648;714;251;45;157;372;674;627;651;651;225;460;655;460;465;492;620;483;386;614;53;515;0;351;595;749;593;555;381;446;704;126;292;664;384;612;807;500;250;372;557;221;504;198;308;593;392;360;502;441;424;412;463;436;644;608;673;597;105;594;541;220;342;141;387;
303;286;423;298;430;538;237;423;298;537;416;173;555;532;74;384;174;392;88;336;425;424;454;99;125;256;116;523;71;501;153;120;437;161;278;123;417;217;351;426;334;365;108;380;374;344;427;135;337;320;395;309;349;234;454;255;284;330;528;405;362;439;134;372;235;673;542;111;384;194;341;368;286;304;303;367;114;591;147;328;143;277;460;126;625;400;172;351;0;596;434;271;377;39;126;531;224;81;322;120;292;564;150;144;418;280;155;422;377;46;287;421;108;440;487;120;408;312;158;375;528;469;289;306;600;465;184;393;296;322;
319;313;173;376;332;487;611;189;761;354;362;610;292;350;543;283;423;222;509;298;232;298;301;542;669;554;481;160;572;101;444;710;235;436;355;718;304;521;256;320;282;394;516;364;321;277;317;665;509;276;421;725;474;380;386;731;761;507;79;429;424;212;589;554;699;79;314;616;576;560;262;564;647;692;699;370;671;116;533;287;628;795;136;721;29;632;610;595;596;0;620;573;308;631;545;310;566;632;670;489;848;484;675;487;223;472;503;188;400;602;859;206;699;162;154;522;198;308;754;471;138;357;859;495;8;155;469;254;462;275;
526;412;492;284;686;208;655;451;281;317;691;269;379;317;371;604;401;424;405;356;391;322;323;342;557;652;401;661;363;530;394;520;386;429;331;505;316;226;516;301;526;230;483;258;624;383;303;569;132;443;199;224;156;353;244;288;295;138;543;191;679;606;557;751;272;694;352;543;770;599;502;75;173;193;200;651;380;536;293;384;308;355;533;506;647;802;270;749;434;620;0;163;318;426;311;348;629;515;153;365;437;236;340;498;591;200;527;453;679;479;472;575;509;483;616;328;540;368;493;151;486;276;467;668;628;471;531;587;641;467;
403;303;416;197;564;302;495;385;197;355;564;112;400;352;209;487;259;353;247;277;344;295;312;180;394;495;247;574;200;473;247;361;346;283;230;348;287;74;409;282;412;196;325;226;500;302;284;406;96;341;197;154;128;231;264;181;203;92;493;199;540;506;395;600;152;651;377;380;617;440;395;100;75;119;126;519;226;515;132;296;152;254;460;350;602;646;112;593;271;573;163;0;268;265;149;369;470;352;99;210;329;331;192;344;488;100;371;387;544;316;356;477;349;416;529;168;446;276;343;150;455;292;353;519;580;418;379;477;494;360;
262;149;175;84;403;246;506;132;462;176;417;326;178;170;306;317;225;108;296;62;76;47;80;291;487;472;271;345;326;213;238;498;77;255;102;498;42;228;225;58;246;88;346;61;347;83;58;490;200;158;124;422;167;150;126;438;465;198;229;135;431;301;436;538;406;386;169;445;559;443;214;257;343;387;394;387;414;247;263;93;354;507;215;500;337;606;326;555;377;308;318;268;0;400;281;158;465;442;362;257;571;260;403;336;288;167;364;134;421;404;590;269;485;164;300;268;232;91;518;167;186;118;588;454;316;155;347;293;419;183;
342;319;457;318;470;545;263;454;267;554;455;158;576;549;94;424;207;422;122;363;452;446;475;111;132;289;150;562;76;534;186;102;463;197;303;98;439;221;388;446;372;380;147;397;414;373;447;145;340;354;407;284;356;262;469;225;252;333;561;416;401;477;163;406;208;708;561;134;417;226;378;364;269;283;281;407;78;621;152;358;123;241;495;100;659;429;158;381;39;631;426;265;400;0;131;550;256;96;305;146;252;573;119;183;457;288;194;453;416;73;247;458;89;473;524;134;445;340;123;382;557;485;249;343;635;496;224;431;334;357;
302;236;372;197;455;414;346;358;241;425;449;81;451;421;60;390;146;324;102;256;342;324;351;30;252;349;111;505;56;444;127;233;351;159;194;227;317;91;329;321;322;250;179;270;393;271;323;261;211;275;276;230;225;164;338;203;235;204;469;284;413;426;246;457;173;624;435;232;473;292;316;242;182;213;215;401;133;517;21;258;84;255;414;229;574;499;80;446;126;545;311;149;281;131;0;424;322;207;219;77;303;441;129;202;406;157;227;358;421;169;315;401;221;382;463;28;379;239;239;251;453;356;314;380;550;398;241;387;359;287;
400;298;262;232;518;178;662;215;566;43;538;454;31;39;457;435;383;215;452;214;152;110;77;439;644;626;428;412;474;250;395;650;136;413;260;648;115;354;349;104;376;178;504;155;471;225;103;648;277;297;172;517;241;308;108;550;573;279;247;173;566;397;594;682;521;370;11;603;704;600;341;315;438;480;488;517;554;203;405;239;487;623;284;650;331;754;454;704;531;310;348;369;158;550;424;0;620;598;446;412;695;173;537;494;391;282;521;218;552;560;718;368;638;237;374;416;333;245;664;224;174;78;715;600;319;203;502;406;564;319;
251;323;419;412;290;684;44;443;522;641;264;390;636;636;263;290;248;423;223;406;479;511;544;292;170;35;229;442;281;493;246;248;495;216;368;270;507;402;316;523;287;494;145;496;260;397;523;156;511;334;534;533;511;322;577;480;508;504;521;546;190;362;93;151;460;631;632;129;161;30;315;556;502;525;525;225;334;605;338;382;366;496;439;272;590;177;389;126;224;566;629;470;465;256;322;620;0;171;539;264;493;706;374;135;346;443;105;441;214;183;478;361;245;445;421;302;370;375;322;534;551;580;481;108;568;482;118;315;122;319;
321;332;463;367;422;616;171;470;361;608;403;252;621;603;152;392;223;441;146;395;482;489;521;179;46;206;170;540;153;541;206;86;495;200;340;104;483;298;377;494;356;439;115;451;374;398;495;53;418;361;472;380;429;293;528;319;345;411;569;482;339;455;78;322;304;705;609;41;330;144;370;449;364;379;377;356;171;639;228;382;218;327;495;106;659;338;251;292;81;632;515;352;442;96;207;598;171;0;400;188;322;642;213;147;435;359;142;469;359;39;308;442;79;483;508;199;436;368;155;455;578;540;311;269;635;512;178;406;269;357;
498;402;515;296;659;345;558;484;130;425;657;150;478;424;276;584;349;452;322;375;439;385;398;249;437;567;328;674;257;571;335;388;440;370;329;370;377;168;507;369;509;284;398;315;595;401;372;450;170;440;275;74;207;329;338;135;143;170;590;273;628;605;456;677;121;748;453;434;692;508;493;136;37;40;48;611;244;606;209;395;182;202;559;371;698;716;150;664;322;670;153;99;362;305;219;446;539;400;0;291;284;374;201;421;587;198;447;485;634;369;319;576;378;514;629;244;546;376;350;222;548;368;314;599;677;515;460;575;577;459;
226;175;315;179;378;433;294;308;318;420;372;158;435;415;54;314;72;276;44;217;306;304;335;58;234;287;37;436;83;390;51;241;317;81;157;242;297;139;258;307;249;252;119;263;316;226;308;239;247;213;286;307;251;115;341;278;310;240;417;297;337;354;202;389;249;567;422;199;406;235;247;291;255;288;291;324;183;474;82;211;156;326;354;245;517;437;158;384;120;489;365;210;257;146;77;412;264;188;291;0;366;458;195;134;334;181;162;308;345;148;372;331;228;329;395;49;312;193;269;275;411;352;373;309;493;350;169;314;286;220;
586;538;676;488;722;624;488;661;158;683;708;245;725;680;315;672;438;628;361;556;640;608;631;309;330;528;385;802;283;748;416;252;646;438;496;227;601;344;625;600;613;517;400;544;665;574;602;346;425;577;525;213;457;468;592;151;142;421;773;528;653;719;400;645;176;928;703;363;652;467;613;412;272;244;236;659;185;815;315;562;220;82;717;226;878;653;245;612;292;848;437;329;571;252;303;695;493;322;284;366;0;653;173;436;699;413;446;661;669;319;39;697;251;686;761;327;678;541;177;480;752;618;33;590;854;701;476;676;585;587;
523;407;415;294;662;29;743;367;504;129;677;439;195;133;490;576;457;356;503;322;298;228;205;465;689;719;486;577;497;418;462;675;284;489;341;666;227;352;485;206;506;212;571;213;608;343;208;696;238;419;172;449;216;384;134;502;516;243;418;161;691;550;659;794;478;543;170;658;815;681;474;241;381;414;422;648;552;376;420;353;478;574;445;668;505;860;439;807;564;484;236;331;260;573;441;173;706;642;374;458;653;0;522;571;541;284;601;370;682;603;684;519;662;394;536;444;482;349;669;190;347;147;680;710;492;366;590;550;676;444;
419;365;502;319;564;493;383;488;148;531;553;84;565;527;147;506;267;454;197;384;469;443;468;137;244;406;218;631;116;574;246;187;476;271;323;169;436;182;453;437;444;358;252;382;504;400;439;258;284;404;373;167;311;294;440;106;134;279;599;379;506;549;282;522;90;754;546;252;534;344;441;291;170;172;169;504;44;644;142;388;49;134;544;169;704;548;84;500;150;675;340;192;403;119;129;537;374;213;201;195;173;522;0;285;529;255;302;488;518;191;187;526;178;512;589;153;506;368;152;336;581;463;185;455;680;528;327;508;443;414;
173;203;322;277;286;549;171;336;427;511;271;278;511;506;147;246;114;311;99;280;360;384;416;173;181;154;97;393;174;400;110;231;375;82;236;246;379;273;231;394;209;359;36;362;232;275;394;177;377;225;399;427;375;189;443;385;416;370;429;411;220;307;105;256;360;560;505;128;273;109;225;424;384;413;415;223;255;504;213;260;263;418;352;248;514;303;277;250;144;487;498;344;336;183;202;494;135;147;421;134;436;571;285;0;288;308;30;334;234;126;431;294;222;345;360;177;290;250;291;398;445;448;433;178;490;377;41;259;159;217;
115;184;129;307;129;531;390;176;645;429;152;484;391;423;383;60;262;184;338;237;244;313;336;392;466;331;313;105;415;172;283;519;258;261;262;532;314;419;79;335;85;369;321;348;99;210;333;460;459;148;410;624;435;257;411;608;640;455;196;422;203;20;381;334;578;284;401;412;356;343;93;519;556;597;602;149;514;288;402;207;490;661;118;534;244;411;484;372;418;223;591;488;288;457;406;391;346;435;587;334;699;541;529;288;0;400;296;173;182;412;701;23;509;155;75;379;59;222;574;444;251;394;702;271;223;193;261;31;238;127;
327;216;318;98;488;257;475;286;295;275;491;171;312;272;207;407;203;254;225;178;243;198;218;181;405;462;214;481;213;373;199;391;245;233;137;384;190;73;322;187;330;104;300;131;425;204;189;413;69;251;120;254;70;153;186;273;299;63;392;127;479;417;383;556;242;551;291;378;575;415;308;125;175;220;227;450;276;415;135;199;206;344;362;385;501;611;172;557;280;472;200;100;167;288;157;282;443;359;198;181;413;284;255;308;400;0;338;287;479;320;435;386;378;317;435;160;354;181;391;95;354;208;433;472;479;317;337;392;443;273;
184;228;341;307;281;579;142;358;447;540;264;301;538;535;171;250;143;334;125;307;385;411;444;198;170;124;125;400;195;419;140;228;400;111;265;245;407;301;246;422;221;389;50;392;232;301;422;163;407;246;429;449;405;218;473;404;435;400;447;441;206;315;86;230;380;573;533;115;246;79;241;453;409;437;438;216;269;525;240;285;283;433;368;247;528;275;301;221;155;503;527;371;364;194;227;521;105;142;447;162;446;601;302;30;296;338;0;356;223;129;438;305;220;365;370;203;304;277;293;428;467;477;440;155;505;399;35;266;141;236;
197;136;45;189;300;362;485;2;572;255;320;421;219;250;362;218;248;34;334;110;72;145;165;357;510;438;306;212;389;87;268;540;85;268;166;546;148;333;137;168;166;222;357;195;255;88;166;509;331;109;257;538;299;195;244;542;572;328;111;268;353;181;440;476;510;268;227;460;499;427;132;389;461;505;512;302;487;170;346;99;441;606;80;548;218;551;421;504;422;188;453;387;134;453;358;218;441;469;485;308;661;370;488;334;173;287;356;0;338;435;674;151;528;30;169;337;114;119;577;301;111;224;673;399;195;43;328;188;363;122;
160;279;299;406;79;667;251;340;658;585;50;502;557;579;376;124;285;337;325;360;400;458;487;397;374;187;310;251;405;354;299;444;416;264;356;463;457;470;202;477;177;485;269;473;84;339;476;362;547;263;528;652;532;326;547;616;648;541;378;541;26;189;285;154;589;450;562;323;175;226;211;604;598;633;636;35;490;470;427;329;493;652;299;465;418;231;501;198;377;400;679;544;421;416;421;552;214;359;634;345;669;682;518;234;182;479;223;338;0;352;661;204;438;328;246;393;231;334;513;549;430;538;663;111;399;367;192;155;93;238;
297;298;432;328;410;577;192;436;340;569;393;219;582;564;113;373;187;407;108;358;446;451;482;141;85;216;133;518;116;510;169;107;458;167;302;119;445;260;350;455;331;400;91;412;359;362;456;92;379;329;432;354;390;256;489;297;325;372;538;442;334;432;90;333;279;677;571;64;343;153;342;412;332;350;349;345;151;606;189;346;189;314;466;121;630;356;219;308;46;602;479;316;404;73;169;560;183;39;369;148;319;603;191;126;412;320;129;435;352;0;309;417;97;451;484;160;409;331;164;415;544;501;312;272;606;479;163;385;266;327;
587;547;686;506;717;654;469;674;195;709;702;264;748;706;320;671;443;640;363;571;656;628;652;317;311;513;388;805;289;759;421;232;663;440;510;208;621;365;629;621;616;539;394;566;662;587;623;326;453;585;550;250;483;479;618;184;178;449;785;554;644;722;386;628;205;938;727;348;634;452;618;443;304;279;271;653;188;831;329;574;236;118;726;206;888;632;264;593;287;859;472;356;590;247;315;718;478;308;319;372;39;684;187;431;701;435;438;674;661;309;0;701;233;698;766;337;684;554;156;507;768;643;6;577;865;714;470;677;574;593;
121;174;106;292;152;510;405;153;639;406;176;478;367;401;382;80;259;163;338;219;221;292;314;389;475;347;312;104;413;149;281;525;236;261;249;537;293;409;72;314;86;351;327;329;120;192;312;469;444;136;391;615;419;248;390;603;634;440;174;403;225;31;391;355;572;270;377;421;377;356;85;504;546;588;593;170;513;266;397;191;486;657;95;539;228;432;478;392;421;206;575;477;269;458;401;368;361;442;576;331;697;519;526;294;23;386;305;151;204;417;701;0;515;132;66;374;37;207;578;427;228;372;702;290;206;170;270;49;256;117;
394;392;527;405;502;634;237;529;315;642;482;239;662;638;180;469;279;499;195;445;533;531;562;200;79;280;222;615;166;605;260;12;545;262;386;25;525;309;448;533;428;469;187;485;452;451;534;95;428;424;496;344;445;342;558;275;297;422;633;505;418;529;155;395;267;774;648;117;401;221;439;450;344;350;347;436;133;698;242;436;200;269;562;27;726;402;238;360;108;699;509;349;485;89;221;638;245;79;378;228;251;662;178;222;509;378;220;528;438;97;233;515;0;545;581;223;506;420;77;471;635;574;237;347;702;572;256;482;348;423;
197;154;28;218;284;388;490;32;600;276;306;448;235;271;383;205;266;62;352;139;98;172;190;380;524;440;324;184;411;61;287;557;110;284;193;564;176;361;133;196;162;252;370;225;244;115;194;521;361;122;287;566;329;218;271;569;599;358;88;297;345;160;451;471;537;242;246;472;493;433;131;419;490;534;541;292;510;160;371;125;466;633;51;566;191;547;448;502;440;162;483;416;164;473;382;237;445;483;514;329;686;394;512;345;155;317;365;30;328;451;698;132;545;0;142;360;98;145;597;331;106;249;697;397;168;39;335;174;361;129;
187;230;125;337;179;530;465;171;698;415;208;538;368;410;446;132;323;192;404;260;240;314;332;452;540;405;377;45;477;130;345;591;252;327;299;603;317;465;136;338;153;387;393;362;168;233;335;534;488;190;424;672;460;305;413;663;694;484;146;436;269;59;456;400;631;209;382;486;421;418;148;548;600;643;648;215;577;237;457;235;548;719;91;605;172;478;538;441;487;154;616;529;300;524;463;374;421;508;629;395;761;536;589;360;75;435;370;169;246;484;766;66;581;142;0;437;84;254;644;465;214;391;766;343;153;171;335;106;311;176;
274;211;349;185;427;417;327;337;269;419;421;109;442;415;47;361;118;304;78;237;325;312;341;23;245;327;84;479;58;422;98;235;335;130;176;232;305;103;302;312;294;246;157;263;364;251;313;253;220;250;275;258;229;142;335;231;263;213;448;284;386;399;229;433;201;601;426;219;449;271;289;257;208;240;242;373;150;498;36;237;111;282;390;234;551;477;109;424;120;522;328;168;268;134;28;416;302;199;244;49;327;444;153;177;379;160;203;337;393;160;337;374;223;360;437;0;353;218;250;255;434;351;336;354;527;378;215;360;333;261;
120;146;70;258;186;473;414;117;613;370;207;454;333;364;364;107;241;126;324;184;185;254;277;369;472;359;296;128;395;126;263;517;199;247;217;528;256;381;59;277;83;315;321;293;146;156;275;467;410;106;354;588;384;221;353;578;610;406;153;367;249;68;391;377;547;269;342;418;400;362;67;470;517;559;565;196;495;243;373;156;464;635;71;530;224;455;454;412;408;198;540;446;232;445;379;333;370;436;546;312;678;482;506;290;59;354;304;114;231;409;684;37;506;98;84;353;0;173;566;391;199;335;685;308;200;137;270;76;273;92;
174;57;141;84;324;333;417;119;455;267;335;302;261;261;247;239;145;86;225;30;114;136;168;240;412;381;198;299;273;207;161;432;127;172;47;435;132;216;149;150;164;152;264;138;265;32;150;413;237;76;195;423;212;78;214;424;454;233;231;208;342;238;353;446;392;387;256;366;468;355;135;297;349;392;398;301;369;281;226;20;321;487;184;438;337;514;302;463;312;308;368;276;91;340;239;245;375;368;376;193;541;349;368;250;222;181;277;119;334;331;554;207;420;145;254;218;173;0;463;223;217;209;554;362;314;159;257;219;327;101;
459;442;580;435;575;640;313;577;265;664;557;231;691;660;215;537;330;545;245;485;574;563;591;227;154;357;273;680;192;657;309;75;584;319;424;52;555;318;508;561;491;489;255;510;523;495;563;170;431;477;511;303;453;384;576;231;247;425;685;519;494;595;232;472;231;831;675;194;478;298;499;442;321;317;312;509;117;744;259;481;191;207;618;50;782;476;230;436;158;754;493;343;518;123;239;664;322;155;350;269;177;669;152;291;574;391;293;577;513;164;156;578;77;597;644;250;566;463;0;479;680;595;160;424;758;619;327;548;424;479;
391;273;341;143;547;162;567;299;343;205;555;251;256;203;302;462;288;273;320;207;240;174;180;276;501;551;307;511;307;379;288;484;236;320;193;476;167;162;372;154;386;79;393;107;486;235;157;508;54;300;53;292;26;225;116;331;351;58;393;51;552;459;477;639;303;546;231;473;659;506;359;95;215;256;264;518;363;393;230;237;290;404;382;477;499;698;252;644;375;471;151;150;167;382;251;224;534;455;222;275;480;190;336;398;444;95;428;301;549;415;507;427;471;331;465;255;391;223;479;0;340;146;503;554;479;320;424;443;523;324;
303;245;134;265;380;349;595;109;649;218;404;508;160;214;464;306;356;136;440;197;112;166;164;456;620;546;412;245;490;83;375;647;109;378;259;652;173;412;239;186;269;266;468;235;346;184;183;619;382;220;288;609;346;295;248;624;651;380;73;295;449;251;551;576;592;207;180;571;598;537;237;434;530;574;581;395;585;63;438;199;532;691;133;654;162;653;508;608;528;138;486;455;186;557;453;174;551;578;548;411;752;347;581;445;251;354;467;111;430;544;768;228;635;106;214;434;199;217;680;340;0;218;767;503;146;68;439;275;467;232;
380;267;269;173;515;139;619;221;488;68;531;380;109;64;394;429;334;209;395;180;151;81;59;374;587;589;373;433;408;279;343;586;139;366;211;583;81;281;338;60;361;106;454;88;462;199;61;591;199;275;94;439;163;258;32;473;495;201;284;95;548;403;544;656;444;424;85;549;678;556;328;238;360;402;410;503;483;262;336;210;415;545;300;585;381;724;380;673;469;357;276;292;118;485;356;78;580;540;368;352;618;147;463;448;394;208;477;224;538;501;643;372;574;249;391;351;335;209;595;146;218;0;640;572;365;224;462;403;537;300;
589;547;686;504;719;650;474;673;189;706;704;262;745;703;320;672;443;639;363;570;655;626;650;317;315;516;389;806;289;759;421;236;662;441;509;212;619;362;630;619;617;537;397;563;664;586;621;331;449;585;547;244;480;479;615;179;173;445;784;551;646;723;389;632;201;938;724;352;638;456;618;439;300;274;266;656;189;830;328;573;234;113;726;211;888;637;262;597;289;859;467;353;588;249;314;715;481;311;314;373;33;680;185;433;702;433;440;673;663;312;6;702;237;697;766;336;685;554;160;503;767;640;0;581;864;713;472;678;577;593;
202;305;368;418;190;691;140;402;601;627;162;456;611;622;325;211;268;389;277;392;450;497;528;351;276;76;272;356;350;434;274;351;467;238;369;373;494;446;263;513;234;501;205;496;174;376;512;263;542;303;544;604;534;329;576;559;589;535;461;557;86;284;192;84;535;552;611;230;105;126;267;593;562;591;592;130;420;551;390;363;438;584;379;374;515;153;455;105;306;495;668;519;454;343;380;600;108;269;599;309;590;710;455;178;271;472;155;399;111;272;577;290;347;397;343;354;308;362;424;554;503;572;581;0;495;436;139;241;36;283;
321;318;178;383;330;495;612;195;767;362;360;616;300;358;548;283;427;229;513;305;240;306;309;547;672;554;485;157;577;107;449;713;242;440;361;722;312;528;259;328;284;402;520;372;321;283;325;667;516;281;429;732;482;385;394;737;767;514;87;437;423;211;592;553;705;73;323;618;575;562;265;572;654;699;705;369;676;124;539;293;634;801;140;725;24;631;616;594;600;8;628;580;316;635;550;319;568;635;677;493;854;492;680;490;223;479;505;195;399;606;865;206;702;168;153;527;200;314;758;479;146;365;864;495;0;162;471;254;462;279;
235;180;68;221;322;362;526;42;607;243;345;459;198;238;404;244;292;74;377;145;80;152;164;399;554;478;349;211;431;58;312;583;87;312;205;589;157;368;172;175;201;242;401;213;283;127;173;552;355;152;272;570;322;236;248;578;608;353;75;282;385;196;483;510;546;233;211;503;533;468;169;412;493;537;544;332;529;127;385;140;480;644;81;591;183;586;459;541;465;155;471;418;155;496;398;203;482;512;515;350;701;366;528;377;193;317;399;43;367;479;714;170;572;39;171;378;137;159;619;320;68;224;713;436;162;0;370;213;399;163;
150;205;311;296;248;569;160;330;469;523;231;318;517;517;188;215;135;308;139;287;362;393;425;213;206;128;132;364;216;387;137;264;377;103;251;280;389;307;213;405;187;379;76;379;196;279;405;199;407;219;420;468;402;206;460;427;458;400;415;432;179;279;121;220;401;539;513;151;238;99;209;456;423;453;455;183;297;496;251;263;304;459;336;282;495;274;318;220;184;469;531;379;347;224;241;502;118;178;460;169;476;590;327;41;261;337;35;328;192;163;470;270;256;335;335;215;270;257;327;424;439;462;472;139;471;370;0;231;118;207;
89;175;146;303;112;538;358;191;628;442;132;467;408;436;361;31;242;194;315;238;255;322;347;372;437;300;290;133;393;198;262;491;271;238;255;505;322;407;70;343;65;370;294;351;71;212;342;430;455;143;412;609;432;245;417;590;622;449;223;424;175;48;351;305;560;315;416;382;327;312;84;514;543;583;588;121;491;315;385;207;470;640;143;507;276;383;466;342;393;254;587;477;293;431;387;406;315;406;575;314;676;550;508;259;31;392;266;188;155;385;677;49;482;174;106;360;76;219;548;443;275;403;678;241;254;213;231;0;207;119;
166;270;332;386;168;657;160;366;587;592;142;437;574;586;307;179;239;353;257;357;414;461;492;331;281;97;249;326;334;399;247;353;430;211;336;373;459;421;227;477;198;468;190;462;143;340;477;269;513;267;511;586;503;298;541;544;575;506;426;524;71;251;194;118;520;520;575;232;140;133;231;565;541;572;573;104;410;515;368;327;422;574;344;375;483;189;436;141;296;462;641;494;419;334;359;564;122;269;577;286;585;676;443;159;238;443;141;363;93;266;574;256;348;361;311;333;273;327;424;523;467;537;577;36;462;399;118;207;0;246;
81;57;105;183;223;430;363;123;522;348;234;362;328;343;273;138;151;107;235;123;167;220;249;277;396;317;207;219;304;184;172;434;184;161;136;443;219;292;49;239;63;253;243;237;164;100;238;393;335;25;296;498;312;130;310;487;518;330;212;309;248;146;322;363;455;351;329;344;385;305;35;394;429;471;475;203;404;289;281;91;371;542;138;445;303;436;362;387;322;275;467;360;183;357;287;319;319;357;459;220;587;444;414;217;127;273;236;122;238;327;593;117;423;129;176;261;92;101;479;324;232;300;593;283;279;163;207;119;246;0;
